user_id	age	gender
19113	32.9793605803465	0
29143	29.7469355908125	1
32753	27.1812014492765	0
660073	26.7068426258435	0
694563	35.4351854580734	0
759285	22.850541870784	0
787102	31.3697808984952	0
817626	28.629380877532	0
877871	28.7332877987763	0
936401	31.7931268527843	1
1147491	27.8809131923545	0
1359751	30.7242323440615	1
1444791	30.1977742473226	0
1516411	33.5123758897974	0
1684341	28.9798166781169	1
2013741	30.1321699323759	0
2165051	34.2289072953288	0
2278171	32.4633559481054	0
2295901	36.3810176556698	0
2306211	30.3419373459293	1
2437791	36.7462956995396	0
2652991	28.7133138572074	0
2922611	39.2759292123976	1
3065671	43.6176314766304	1
3069061	29.9611242480823	0
3875581	26.5184853242251	0
4401271	52.439300072016	1
4620371	22.4634606928214	0
5200971	26.8575107470442	1
5299452	35.6107438440647	1
5444552	29.6978140035237	1
5564142	31.6846887012422	0
5707642	30.2993160959833	1
5745652	29.0448401016709	1
5823122	27.5073833994333	0
5833382	31.5201372629071	1
5883402	26.9182692240066	1
5908732	22.8734489860933	0
6136412	23.5381810770158	1
6222292	29.0512616900072	0
6234712	23.1406270948171	1
6258632	34.3758413197909	0
6297272	32.8574386969815	0
6399402	30.5873396110362	1
6621952	26.7260225246902	0
6656052	24.2576467135139	0
6664772	53.8537257186544	0
6675452	26.9707453322819	1
6801532	32.6252933836734	1
7009542	28.0565362567447	0
7040112	28.8988093451057	1
7076522	26.967065311579	0
7078102	24.9694700346447	0
7233342	31.0037286217811	0
7290652	29.2580326857548	0
7322682	41.5231833428348	1
7334712	32.1938578008914	0
7382502	31.2200279100757	0
7434702	31.5854362384989	0
7451162	29.2844578317788	0
7489922	29.877935892436	0
7604992	25.6297524535707	0
7678652	29.5865705313271	0
7722652	37.971119456418	1
7886722	34.684449026862	1
7900182	30.8522907878164	1
8099302	26.1095559876089	0
8104202	39.6982119957034	0
8184402	24.3733388707385	0
8422662	33.5944021257766	0
8638762	35.8800738915951	1
8741922	29.6949482062736	0
8783902	38.1260861888612	0
8871902	41.4486717025782	0
8878562	20.4802100152	0
8926832	30.8438373358755	0
8940562	26.8348992359598	0
9052812	44.9010075294799	1
9061222	39.7894082493808	1
9081512	29.310570612199	0
9109072	31.190637102361	0
9111462	29.6355382620558	1
9113912	30.2959467510231	0
9153382	33.0532497076272	0
9201112	26.3910936391626	0
9277772	26.4694421882589	0
9277792	24.7090278907247	0
9363752	34.4936436361932	1
9409772	26.58252956215	0
9422102	31.5002498203361	0
9429512	25.6117519167696	0
9481212	28.5192823914366	0
9581202	25.3278297127006	1
9635082	32.5096632693435	1
9775912	10.4647624432721	1
9885022	37.4341447771208	0
10075292	29.6108584669213	1
10075412	23.8452535514146	0
10081942	32.6772679619518	0
10207602	29.0730922882172	0
10321782	30.0103833019837	1
10490742	31.792386699389	0
10530472	31.8207866804664	0
10625152	32.9587627234024	0
10713592	31.852864449463	0
10845582	27.5280739206722	0
10850642	29.4518868957134	0
10875372	31.367570749109	0
10982522	28.0450500986838	1
10983432	30.5462234299296	1
11056462	31.8300757406904	1
11092532	33.4218538384269	1
11282642	30.7994931358518	0
11435732	36.7857779095803	1
11489072	29.2017973912911	1
11535642	27.5833542893875	0
11593762	46.38186628631	0
11723712	29.8481367256399	1
11769492	30.5011984978059	1
11793452	21.3577806666947	0
11795342	28.7073628266417	1
11843082	26.8832003802271	0
11856992	25.6780231807337	0
11862472	36.3486759470825	0
11892682	26.2333459096934	0
11910982	33.5545105367562	0
12029672	31.5170401308027	1
12035512	29.1871534050172	0
12084942	26.8321260775172	1
12208712	23.4228116476307	0
12307412	29.5538486844726	1
12535742	28.887511361834	1
12556172	31.3453109638316	0
12581782	26.7553742026132	1
12599212	28.0713869332162	0
12603862	38.987590282664	0
12605172	33.0226740446748	0
12618552	33.297803420023	0
12635682	26.5987407833676	0
12702642	31.5467173435085	1
12714432	32.4890323304222	0
12727422	38.2487122508113	0
12820332	23.0983143448486	1
13023532	29.1915081088043	0
13253082	24.2786675755943	1
13267922	29.4967159011689	0
13337082	28.9420537022339	0
13371832	31.6528006523271	0
13558362	33.1835399736976	0
13624082	31.4041784058188	1
13645032	31.6659624692044	1
13663662	26.5325303076248	0
13678462	30.944207665124	0
13840782	23.70085543837	0
13845652	29.0861555462066	0
13891192	29.1513142731034	0
13917292	36.7440825773367	1
14043682	24.6398794268699	0
14053028	28.1326121751117	0
14060886	22.2409255044451	1
14062417	25.3345497180118	0
14071479	22.0881450073791	1
14103782	24.3471762364344	1
14107460	33.5640886278202	1
14111197	32.3145751052358	0
14123174	27.647187928246	0
14124664	27.7252359381028	0
14127518	32.14987026975	1
14129309	41.6149728564268	0
14131905	29.7647413093611	0
14141761	26.0938272683077	0
14156573	20.8748893824966	1
14159043	27.9861290105381	1
14166892	25.1629941141108	0
14178460	29.5636153841872	1
14185696	32.5572503070969	0
14191105	29.6228001348769	1
14202991	27.2291111738151	1
14218843	27.2465569509726	1
14223911	29.2267055025887	1
14229157	24.182575778554	0
14233680	31.1273496177364	0
14238519	33.3306080470492	1
14239276	24.7476739051956	0
14241828	24.6460944194444	1
14248983	25.4487992827523	0
14249287	28.0905582868118	0
14249478	7.65952421493315	0
14250725	33.8489805987356	1
14266077	34.5783427601124	1
14267196	31.4284857562642	0
14267254	31.021507905409	0
14268247	28.4435127738072	1
14277847	33.3229163103491	0
14277981	29.9777577199365	1
14290355	33.3208270847632	1
14296942	31.6505956652533	1
14314135	33.5404071133514	1
14332171	32.5971931280294	0
14339422	24.4110963533043	0
14342691	29.5473958006698	1
14360985	33.3113876893948	1
14391487	28.0392340885043	0
14403181	27.3625890275128	1
14408534	27.5516873063285	0
14409194	33.6871941879919	1
14418698	38.6989286119109	0
14427772	28.3689369492451	1
14434667	26.1128164532504	0
14436386	42.0623385833702	0
14443280	27.1167684742504	0
14456226	28.526677231997	1
14464040	29.6490164489733	0
14468654	34.6975169584996	1
14471828	35.0771452450496	1
14475553	28.2920597904091	0
14479480	23.052781994078	0
14507122	29.595740900129	0
14515694	38.6049003022435	1
14515931	27.8053324987032	0
14527814	23.870138480083	0
14534358	32.1223295223065	0
14535616	37.6882341460552	0
14536613	24.7639147224421	0
14547465	28.7141870337647	1
14553593	31.9247441063065	1
14571299	24.919798634233	0
14587845	31.1594410543199	0
14594816	30.8748373358826	0
14596689	29.5217032173005	0
14598104	26.1637823076399	0
14598190	25.8115687805471	0
14607224	29.7159258475171	0
14610491	32.0692063162784	1
14612896	34.548868777962	0
14614742	29.6909032883845	0
14617099	28.5619345206195	1
14617154	30.1064477251353	1
14618311	30.2004750859507	1
14626131	20.8301900589376	0
14626188	35.595403234883	0
14647690	23.4222274025214	1
14648158	31.5180755803568	0
14653933	21.9143421856569	0
14658751	34.366473459461	0
14659425	29.4003941906149	0
14683531	24.4915729593523	0
14683823	26.30719383226	0
14689905	30.4195884931496	1
14697595	28.0325774305548	0
14728270	26.9692340463437	0
14731128	32.4858725962053	0
14731826	30.0385694898624	0
14735908	29.1836920123419	0
14738361	35.1111785067357	0
14738956	20.4992163623394	0
14752955	29.5188347816831	0
14759118	29.1385968793656	1
14764299	26.9785072952391	0
14764538	32.0651300154404	1
14803174	24.8390250935809	0
14805799	25.1892090290846	0
14807172	29.7608988359946	0
14823125	24.071356883201	1
14831675	26.4718199026531	0
14832781	56.2127851038579	1
14836640	33.374421603321	0
14844784	31.2500411409675	0
14851542	29.3322991767899	1
14853496	25.1485739515418	0
14855022	31.1956019737912	0
14866811	36.4770779198371	1
14873069	27.7253426651768	0
14875316	30.2802767369467	0
14876701	28.0538942507125	0
14883450	28.2570890399227	0
14885773	30.6856806530302	0
14888405	23.6908244240874	1
14893775	25.97096888387	0
14897619	30.9454815140502	1
14904123	30.1979453740919	1
14912886	32.4141733258914	0
14922706	22.2434976785773	1
14928439	30.6606084195872	1
14939054	39.892767410609	0
14944912	33.6934092377742	1
14948202	33.760921136947	1
14959078	35.1508322382354	0
14959209	33.2898522213499	1
14960580	32.1609363115412	0
14963408	28.0363440668916	1
14972251	34.1240194731147	1
14982929	32.7465331455016	1
14985739	30.1330160092803	0
14989250	19.4825536884608	0
14991591	27.7724975657715	0
14994366	32.0134037040868	0
15003490	20.9625464538544	0
15005668	24.257709603522	0
15019454	29.4904709927432	1
15034533	24.5013575903546	0
15040200	33.4109461151296	0
15059463	25.3386451899022	1
15066074	32.3862088358513	1
15079989	27.6417345019596	1
15084756	31.6760489887819	0
15085111	24.706813785236	1
15105778	29.0736993368728	0
15113458	32.130148718302	1
15115362	30.6632982716431	0
15128870	29.6042822906683	0
15137511	22.1161693102738	1
15140563	33.4770912390435	1
15149903	30.6577704776352	0
15154753	30.7168359211046	0
15156725	32.6518810429384	1
15165845	31.6458300421722	1
15167514	27.7484375503206	1
15176400	30.6607523240278	0
15178921	30.7369948769506	0
15180652	29.9507183923733	0
15183001	30.1277960526401	0
15187072	31.8633704031602	1
15188764	38.7166996481964	1
15191528	29.3249067120692	1
15195947	25.3580577343429	1
15198378	27.4884661682966	0
15203115	26.104968195798	1
15205106	24.9612500037686	0
15206931	30.893563910712	1
15212959	29.9700202531432	1
15219960	29.8445265358228	1
15226686	22.313887003239	1
15233504	45.0008848517533	1
15235983	32.6574001730906	1
15239123	33.4549699117698	1
15250982	27.2983151394707	0
15268326	37.1464432864444	0
15270560	26.0145442423654	0
15271125	25.0001082496078	0
15285490	31.7909911597757	1
15300022	33.5895672648281	1
15302507	30.1548091030306	1
15307595	27.7910059746545	1
15313076	27.9808611540445	1
15315722	29.7667325073468	1
15321969	31.4256348476277	1
15329733	33.5019680763092	1
15331212	26.3723024377689	1
15332463	37.9779242088217	1
15344499	29.4347192379839	1
15350074	32.4364791548577	0
15350353	29.1317226348877	1
15358671	30.1775517280563	0
15362592	32.9934165752288	1
15363920	28.9816324010137	0
15374471	31.8094408887986	0
15375017	30.7868924421143	1
15375912	31.7451256812884	0
15379491	32.0316387426279	0
15406742	27.5400312247618	0
15416336	29.2652736140424	0
15433946	33.6277432498477	0
15461343	27.4993066784742	0
15464763	27.9577994550885	0
15465469	27.34315811847	1
15468979	30.1241722588669	0
15469698	23.4171031386767	1
15480967	26.97438277649	0
15483327	31.2137017821843	1
15484697	25.3838521164598	0
15485222	33.6295572108249	1
15495225	28.1013596250133	0
15495394	25.0977919764194	0
15497895	23.7769215972348	1
15500513	30.1314175427382	0
15510402	35.5504585172109	1
15513899	24.9833537683753	0
15519682	27.785157416148	0
15522016	26.5871922190633	0
15533185	27.8939997110053	1
15537391	31.9661182486097	1
15541063	33.9577445562504	1
15555945	35.8503125230186	0
15557203	30.6941130658601	1
15561076	31.7943016546581	0
15585796	29.1250998833275	1
15606874	28.7189300177002	1
15609330	17.5316105461206	1
15612735	46.7897540148995	0
15623486	29.7206363608621	1
15628169	23.6397318768782	1
15668435	26.1025870259641	0
15669149	34.988223317106	1
15670487	28.2766882773519	1
15680204	24.5885593134141	0
15681161	27.7751299661274	1
15704609	27.5621570631075	1
15722511	26.0297938960687	1
15726398	28.805758199396	0
15738434	27.938396624721	0
15753976	29.9490107407577	0
15754290	29.1005716688042	1
15765233	25.8873290168622	1
15765966	30.5721686015179	1
15772824	31.534234353576	0
15775447	27.8740383008443	0
15778067	34.6307037536415	0
15790781	29.0440497736641	0
15797077	36.5699722245725	1
15799118	27.4488217606629	0
15801735	31.6466784437423	1
15811529	33.6760142057549	0
15814350	24.3930782731473	1
15830717	41.9021353914259	0
15837420	27.3459823852409	0
15838736	31.5959937528308	1
15839130	34.791706305074	0
15840315	33.2033485925332	1
15843023	23.90477480776	0
15846743	26.1967310459161	0
15851410	38.3172122621489	1
15861899	31.0277288897428	1
15874627	23.5027485034246	0
15874916	33.2444544414525	1
15876484	30.7605367350769	1
15884998	30.9981309733012	1
15887124	31.6653948575624	1
15904636	37.5797145635833	0
15915171	31.4542582131465	0
15922421	31.947515122001	1
15943582	28.9277386792161	0
15951469	24.1171876510198	0
15963568	28.5741112041079	0
15984785	28.4365154658228	0
15986066	28.6815699916122	1
15991955	24.6559472993758	1
15992526	31.3224095507945	1
16011801	22.1405103309647	0
16016303	29.7946704156216	1
16019357	31.0633879607513	1
16032653	27.9422248748884	0
16034013	30.8128814132885	0
16049690	25.721666934434	0
16055987	26.2448917687119	0
16060582	31.651564847375	0
16067485	32.1940401470243	0
16069537	38.6309215353715	1
16079937	29.7736963913969	0
16086306	24.7306386025321	0
16090149	21.2868589482065	1
16093490	31.8403862135107	0
16094625	26.7170610574313	0
16122273	25.0029951035964	0
16124882	35.7647908168448	1
16150288	36.0892109968104	1
16159037	37.0073395163276	0
16161698	29.7757160408717	0
16170115	31.5523336024032	1
16171106	29.2433920030153	1
16171399	29.2758759916675	1
16175525	30.4797999736447	0
16184550	34.8053409147235	1
16188294	25.4568325887446	1
16199850	27.559233100616	1
16216624	32.3089604951323	0
16228436	30.7363568384117	1
16242874	21.6414091640305	0
16246305	31.4643841876181	0
16247526	23.6631584459116	1
16257007	29.4582155069679	0
16261377	38.7590220525127	1
16268165	29.2257699009091	0
16275499	36.177818340499	0
16279645	27.258371899566	1
16280183	27.4709484433619	0
16286822	31.2678644625496	0
16287533	31.8473858736948	1
16301330	35.7629244963107	0
16302770	27.0847703900757	0
16303294	22.3530372616697	0
16309735	33.1178089277625	0
16323811	24.9049108591923	0
16324055	30.8001152778149	0
16329747	34.9722272469246	1
16370032	31.3043329116716	0
16381466	29.2914604438679	0
16406375	34.7405732118064	1
16412271	33.2739776281629	1
16421418	21.570704263456	1
16421697	27.7840813121094	1
16422366	26.7311310142858	0
16424664	26.9851934713176	0
16424672	30.2344956887081	0
16429641	32.5858965634751	1
16433748	23.5909462901576	1
16447443	33.8145895197729	0
16449089	24.9251701092483	0
16450822	28.0338154591272	0
16450975	29.8911320420876	0
16460445	27.1135377674517	0
16467776	30.9351359144297	1
16478712	23.556280152682	1
16479381	25.5776412008452	1
16484573	33.1641551185492	0
16528820	23.5710313806901	1
16542026	33.399743756923	0
16549697	35.1186882621164	0
16552588	36.8014648851178	1
16557706	27.6282691309082	1
16563600	26.4500977288186	0
16579236	28.8976789461081	1
16581042	26.9090844595157	0
16581559	24.3741587836851	1
16587777	28.2095230112551	0
16588379	29.6490384675366	0
16589547	31.2921140862025	0
16609980	26.7189791582221	1
16610966	39.7286109777496	1
16628938	32.4217076482158	0
16646243	28.6490549175954	0
16646717	29.5843207606477	1
16658122	29.1668070976391	1
16662667	27.2812635055993	1
16671196	34.8191972926017	0
16674449	22.1164836941289	0
16676164	27.8249537602074	1
16676390	35.4052400065926	1
16682119	27.124866769748	1
16689765	30.7763581294999	0
16695144	24.6993731668963	0
16728062	31.9299461691211	1
16753863	32.9041683979748	0
16822245	26.2481386629296	0
16823305	35.5829517212993	0
16832124	25.8295311176113	1
16834436	28.7647746284962	1
16840889	29.2113930531782	0
16848424	24.077622891134	0
16849322	29.3113931178415	0
16851578	29.97716254245	1
16877544	29.8159658615471	1
16880484	37.6303228362188	1
16884228	16.4878782061266	1
16894786	34.2013323442769	0
16914900	30.0774436729414	1
16933347	24.2680816138947	0
16954177	26.0385951738736	1
16954654	33.3149755799015	0
16960815	27.3183710860564	1
16961697	27.0060158789057	1
16965027	28.1141392773009	1
16971486	31.6179807322547	1
16972468	32.9305609291633	1
16999654	26.7481963868888	1
17022679	37.9056249498614	1
17029845	28.5415678998083	1
17039542	40.0849191173211	1
17048953	23.9467546944056	0
17080333	24.4956677096298	0
17090123	41.3596440810546	0
17097139	29.7484020531333	1
17105910	30.2563463559383	0
17107581	25.8797311485054	0
17128551	34.993908221107	0
17136829	25.0814055974535	0
17141996	19.3647023876957	0
17151620	19.8222331468687	0
17160832	23.9097596834789	1
17177846	29.4785934375995	1
17181890	20.7546728233605	0
17182582	45.7509441885372	1
17196131	32.2257827660547	0
17203131	29.3520097257896	1
17203432	26.9650512168712	1
17206402	29.0019294050597	0
17226813	30.9415689090221	1
17230547	38.1105644659765	1
17234318	27.5477196632435	0
17234669	34.2090323285312	0
17239027	29.0858525321911	1
17240500	31.8848104698986	1
17242914	22.6577630832523	1
17244187	31.0230425786111	1
17245550	35.2937837192076	1
17273553	22.3856699847659	1
17276209	39.0534796943802	1
17283156	23.7754934541275	1
17288031	26.4351834021651	0
17297654	30.5540636238147	0
17316651	28.080241087669	1
17342412	34.9088721990844	1
17354423	35.091031491258	1
17358253	23.8406098958132	1
17365414	23.2573019191153	0
17377208	36.279854327499	0
17383548	21.0162268709981	0
17385124	25.5930821902597	0
17385417	38.2658861129676	1
17385663	38.1142881915413	1
17398324	30.752162086103	1
17417141	28.5525696464843	1
17421533	23.8400903253051	1
17435271	32.4812042103263	1
17446656	36.884476943711	1
17459781	25.5076902579718	1
17470018	32.6505561895067	1
17477611	28.1358149002641	0
17492656	25.4231755157613	0
17509218	30.1703510481659	1
17517444	28.911729618205	0
17518174	33.2579800293445	0
17519210	52.6183396443961	1
17523641	23.0867556045494	1
17523711	14.7181439660721	1
17529069	32.5091302136286	1
17535550	29.0149279105697	0
17536624	33.7404512890485	1
17547352	24.1087446197916	1
17556216	24.8504702832808	1
17573667	28.698543704833	0
17579209	32.9812939311375	1
17579643	34.6274832759542	0
17586545	18.9932677389894	1
17602434	34.9486327606109	0
17616402	25.0250570943928	1
17623219	19.1675448044624	1
17628885	22.1848094906872	0
17645681	19.2691843979379	1
17648806	26.444525646662	1
17660832	35.2644805636408	1
17675196	23.8921599558289	0
17678288	34.3394378011532	1
17697577	32.6762463913342	0
17722038	30.4288861270405	0
17723871	25.7590968357495	0
17726332	26.2619672712852	0
17728856	28.9480058547565	0
17734005	30.2578588356178	0
17738411	27.5144399279015	0
17777222	28.968796904043	0
17780344	29.3591127209518	1
17787163	25.0962376929094	0
17787774	35.4129152744923	0
17793164	33.3336633453534	1
17832697	42.4462329230405	1
17849621	26.1374866351815	0
17852055	25.9188967751463	1
17858494	38.0519774958947	0
17875504	27.0348818015594	1
17881259	35.4797666303584	1
17886882	32.2343222768068	0
17893136	32.1824173105017	0
17902078	25.8996548014968	1
17910549	21.6183296461022	1
17915150	25.5423988628131	1
17922467	30.6155459700603	1
17926207	24.2773954277965	0
17936580	24.9283604741047	1
17945824	27.420947016051	0
17966218	23.1792508132105	1
17971627	27.4119470214548	1
17995975	32.9275801089183	0
17999933	27.0877760572259	1
18007379	25.6132118322611	1
18007447	31.9650083159255	0
18007999	26.5796896292243	1
18023178	32.2254293179884	0
18024615	31.6340971839482	0
18041993	28.3399382241784	0
18047810	32.3523237957991	1
18055426	32.4499366893466	0
18058280	35.0716673353231	1
18068166	23.0224529989319	1
18070449	28.8608689673977	1
18081489	24.9531938547203	0
18082149	28.1120917182032	1
18091959	33.0782045896763	1
18096712	23.6741123678865	0
18118550	26.7683095832034	0
18122417	26.8555613334981	1
18131863	34.1078569095294	0
18133788	31.3939780136749	1
18148156	32.0274863396273	1
18148965	24.4057562069424	0
18150425	29.3783482837802	0
18151970	25.3937577351142	0
18180429	29.6375980155839	1
18184696	24.9263680658797	0
18197828	25.3683175901921	0
18200563	29.4189348323048	0
18209431	26.2455247059547	1
18221392	21.9956693688665	1
18221553	32.2195377869658	0
18232701	26.1790829026418	0
18248535	35.404148318536	0
18263556	30.2253001332068	0
18296370	21.5500317480184	1
18304621	31.4813235996351	1
18305266	31.7529938611914	1
18312290	44.7183805005922	0
18322936	33.3003594065227	0
18331888	22.3417627770961	0
18340672	24.1621047144036	0
18341322	27.9859388093607	1
18351027	24.846584364627	1
18368105	31.6390888256355	0
18378047	20.2595381138456	0
18380532	29.3718166838182	0
18381050	19.8334838041961	1
18383747	36.8280469561349	0
18385525	34.7482759025452	0
18391770	20.5395771638914	1
18415373	44.411836745202	0
18418043	27.9795458208412	0
18428335	24.7689260213419	1
18437183	35.4279170585657	0
18438153	28.4476266145912	0
18445835	25.1178003997175	0
18455815	32.0907885388966	0
18458833	27.6127070786622	0
18467133	30.8865907347409	1
18473821	26.9461341312039	0
18474128	21.3490516163928	0
18476403	30.9606989239393	0
18479884	32.1966194458613	0
18483291	21.7153859634459	1
18497468	30.7501878129104	0
18501849	25.2022101062971	0
18527810	23.191993992472	1
18529386	31.8143749534974	1
18539605	27.996147429437	0
18546039	38.6099720763031	1
18549749	24.093222394658	1
18555314	31.8091366552924	0
18574800	23.5633780935729	0
18580894	34.0934362398029	1
18587683	31.1551565446806	0
18588264	23.4720785326534	1
18592070	27.0718606570345	1
18605167	23.8799944134928	1
18610259	28.5781064640939	0
18619072	32.4423489088433	1
18624009	29.246725461646	0
18639430	35.2576978923745	1
18649258	33.333799482101	0
18659592	28.0309049506803	0
18662214	34.5668815286993	0
18663063	27.6541357074864	0
18673262	34.1844017596719	1
18680652	32.6018796494504	0
18689104	30.2020330174795	1
18692809	28.1245236404579	0
18693634	24.28456671213	1
18701842	39.1188233604153	1
18710807	22.0325916734487	0
18775998	37.6390166958299	1
18792521	28.3081146962763	0
18792532	27.9025263625706	0
18815037	31.719590503632	1
18833211	32.8757170693959	1
18840114	26.5987691558594	0
18842458	31.6795511496254	1
18859653	26.6977973371783	1
18861574	29.1821172063279	0
18887378	26.5498968749523	1
18902113	27.3330870947113	1
18920591	37.1615586367038	1
18960797	33.2383544307969	0
18962258	26.4697369020995	0
18985574	35.7082984232253	0
18988032	28.7603774859971	1
18996036	32.8277484840205	1
19008730	26.152893606922	1
19018759	28.5426818143785	1
19020307	32.2402456679816	1
19025087	25.5329004209167	1
19037790	23.6010293006913	1
19042786	29.2725783660892	1
19058289	29.333229876205	0
19066723	28.740418331086	1
19074361	32.1205550491421	1
19077874	29.464270881848	0
19078479	30.4133486224363	1
19082979	30.7833677081586	1
19109869	35.4142972861724	0
19116183	30.654924114338	1
19149484	17.0639976510872	1
19157637	36.6950100854661	0
19191536	29.9022317365879	1
19196651	25.7401179312028	0
19196925	28.3030557779739	1
19198063	36.3560191596068	0
19212567	39.9470242772012	0
19215129	34.6767580499077	1
19236792	25.2459299597903	0
19239717	37.5697417087136	1
19248331	29.8980302526978	0
19249054	32.2807568021561	1
19258463	23.1015053177757	1
19265463	26.7345736729665	1
19270599	36.7231726756499	1
19278524	26.1713403474793	1
19281313	35.9092650177299	1
19295280	22.472717018281	0
19300461	25.2339866259411	0
19357447	30.0481168184746	1
19362745	21.7999903431748	0
19363003	24.7461158777822	1
19365985	33.3320507841654	0
19372569	29.3779679571623	0
19387926	31.7343343015304	1
19392099	36.0205688816496	1
19401006	28.6095587869441	1
19421796	35.1021028026526	0
19435467	29.0988270091879	0
19436251	23.9032753106072	0
19440740	21.4853960810669	0
19473412	36.8245148570517	0
19473642	35.8840923604727	0
19475575	38.4570661417268	1
19481852	13.0688447241866	1
19499253	32.4124955059963	0
19524610	33.3308617002577	0
19524775	25.397793006415	0
19547390	26.1914864659551	0
19587227	26.019520733075	0
19587443	26.8921184429768	1
19592246	26.0949081037474	1
19600613	17.8815872630545	0
19623646	24.5425255498755	0
19647441	30.0348870350949	0
19653911	33.162024798208	0
19661974	22.3622689446777	1
19662091	31.4484529184738	0
19662962	28.4811083748589	1
19674191	35.4274989566714	0
19676044	46.5145131589348	0
19678499	35.4732378860984	1
19683859	26.9419644127211	1
19694296	28.3255740814288	1
19698760	26.09757939352	0
19720732	29.6317687497772	1
19752186	32.9163795551803	1
19757002	29.4935137173755	1
19786876	27.4983213700326	0
19812126	32.6295571861819	1
19813909	38.0324663695354	0
19843890	28.6363443758937	1
19845001	26.0523463046553	0
19851342	31.1192952350246	1
19852590	30.6713805668893	0
19852899	23.8403410639663	0
19864909	32.1149034132128	1
19873490	29.9867362956875	0
19881680	27.8577501405495	1
19884830	24.758250274815	1
19885351	31.9939346380949	1
19887566	27.4521655615087	1
19891660	37.611829998147	0
19938782	27.0250030776036	0
19947853	27.3769795833717	1
19961140	41.3398147004633	1
19970814	29.6970510750207	0
19972573	29.8628754596148	0
19987590	29.6645414942271	1
19989083	28.5855660204709	1
19993821	20.3619755669868	0
20007212	26.3464187751484	1
20028989	28.0056771537101	0
20045376	22.8567510053367	1
20048251	29.1154722944152	1
20056727	27.9707171616716	0
20066861	28.6583220771022	0
20071513	33.4954780770999	0
20079742	30.9278266409283	1
20120544	21.7211709134188	0
20139167	33.867146314855	0
20177464	35.0500109699976	1
20184011	17.4462577708168	1
20209222	23.9980522295969	0
20217191	29.8557065684125	0
20222086	31.2395906744798	1
20227743	32.4242966980828	1
20259197	30.5016938203196	1
20261666	27.3202522012541	0
20279109	25.9449778652765	1
20293985	30.6015792755615	1
20306087	36.1900218785776	1
20317305	23.1764083333517	1
20318935	21.7722097591616	0
20339833	30.0826867035609	0
20351673	24.0993716696657	1
20382807	32.7944703660481	0
20383753	21.0714137703129	1
20403490	31.6257921583272	1
20415269	23.5824618481336	0
20415938	33.5842344476203	0
20421043	24.6762048428383	1
20438007	48.0370799545041	0
20520389	27.5855561086832	0
20526109	27.217263957152	0
20531754	41.5375452289904	0
20549894	30.4657481692288	0
20558225	30.1648000091208	0
20571850	29.8067615741953	1
20596547	30.3724947499185	0
20619629	26.7877068486007	0
20619656	25.7329041343342	1
20637069	23.4571848431663	0
20652325	27.3028748678539	1
20658241	32.5438922982234	0
20659061	23.3707603335149	0
20666389	27.704977559652	1
20667687	30.242011663945	1
20696032	29.1954925963318	0
20702147	36.0738095070142	1
20734258	28.8710909442082	0
20734688	23.6381174773979	1
20771944	21.3731880879452	1
20790386	29.714055890036	1
20792739	33.7807741020649	1
20799682	36.445722368833	0
20802301	30.931100221135	0
20803206	25.7306588751304	1
20865979	35.6044322342886	0
20880388	34.2474413560649	1
20894784	35.5478218346455	1
20908029	26.913525477209	1
20949515	28.7587731139534	1
20966111	28.6316966455406	1
20977218	23.0735091439594	1
20991683	34.9295519100618	1
21008825	34.814595624734	0
21058193	28.928911187184	1
21062481	27.602384350779	0
21065274	27.6979341528226	0
21085891	35.3713498864241	1
21089982	27.7336599899829	1
21114412	34.1845422364239	0
21139565	31.5314740981959	1
21151166	30.6840374373873	0
21159593	23.9767293565756	1
21164977	27.9574118831915	0
21166102	31.8027992417089	0
21168335	32.2142045597313	1
21172261	35.3436649883186	0
21173206	26.9194593944075	0
21191363	32.2450800955846	1
21225481	35.2052270677766	0
21253812	34.6917261999799	0
21256581	23.7141736307275	0
21256943	35.8971462497036	1
21258078	34.5227026316835	1
21258533	27.9717859264629	1
21270293	32.0929495382495	1
21272105	37.5119567207689	0
21279850	33.8115797203033	0
21296126	21.0499761262295	0
21326736	34.8026229495936	0
21328845	36.0169021115788	1
21375704	24.8818203376204	1
21389394	26.8470564060354	0
21394021	25.4266207200337	0
21399051	23.9434380667778	0
21411551	25.9796120226777	0
21463532	27.1177614677299	1
21468155	22.1340148264396	1
21478635	25.8298587973941	0
21527689	28.7685822024837	0
21562013	36.1818399044854	1
21572094	46.7228224748515	1
21614958	24.5748358770231	1
21636761	27.7903828968051	1
21638556	25.8886884246182	1
21648927	28.2562637459043	1
21650450	27.0923208540338	0
21654467	22.9933501343474	0
21657995	35.6496461474733	1
21696890	30.1435477496809	1
21701035	29.2494429442884	0
21703483	31.5548530081607	0
21711759	32.8703550854505	1
21714152	28.6194055487651	1
21721937	22.4874356039712	1
21767690	40.7504872031382	1
21778090	47.9738915854722	1
21779190	41.2138590362209	1
21811698	23.6011588234738	0
21814376	26.4312235469082	1
21816152	29.8154100060299	0
21824457	34.1353203077778	0
21828233	29.7587023333878	0
21834742	28.520270299055	1
21843147	24.2324382649287	0
21853907	26.1346936141962	1
21872102	27.3740380070633	0
21873507	30.1564416824079	1
21888798	30.3722030372562	1
21900956	29.4925982148719	0
21921326	32.0229020867191	1
21941918	27.1292377164572	1
21958336	28.5322572426095	1
21959169	26.0703957550228	0
21962641	23.6834718898891	1
21968353	28.9380580992573	1
21991414	36.0818093800247	1
22007396	25.8217380260335	1
22023775	24.7040619530611	1
22044349	24.6167644859252	1
22045852	22.7724159048334	0
22100294	36.4168377406997	1
22155152	36.0414621127125	0
22201269	29.3001432436295	1
22201444	39.1643294969202	1
22207415	30.8437063257206	0
22234930	33.4647643477274	1
22260111	34.5778138407204	0
22321964	28.4065627378705	1
22330166	39.0815043062494	0
22353950	49.2771017692377	0
22368173	32.3085800627805	1
22408205	26.5379396255775	1
22459468	28.4109103182972	1
22464544	25.4930462799367	0
22530693	42.538451003505	1
22570724	20.2994926838428	0
22584257	30.2397500842635	1
22586968	21.4675400276422	1
22595598	20.4322514051794	1
22597474	34.4260937355523	1
22599063	20.3021485169294	1
22601006	31.7375280447916	0
22627770	35.4839573489871	1
22632558	21.3028103389348	1
22634270	30.8081623102369	1
22682087	28.342653083163	1
22685543	23.9886399269423	0
22692198	23.4737762002765	0
22692849	33.3478096598665	0
22695417	30.3674220958016	0
22701920	21.6929865590469	0
22720185	22.7417000708076	0
22728874	31.9383318529599	0
22755882	26.589506023484	1
22843627	18.045914736663	1
22868292	24.0917707475596	1
22873921	27.0916285826535	1
22909666	34.7791168252688	0
22923149	29.6851255396388	1
22944658	25.783289580805	0
22947611	28.5714639935015	1
22962609	25.429250158215	0
22962849	25.6336572448678	0
22965474	30.418632450715	1
22970147	32.8905205817122	1
23011555	35.840023753961	0
23029581	27.879598958846	1
23033759	32.1463087684527	1
23042269	34.6723221379776	1
23049916	26.5958440226384	1
23081178	27.387654871442	1
23096076	24.6932053140032	0
23159765	23.7493036940709	1
23171080	26.7000633783539	1
23181802	27.4148346749102	0
23202338	19.3606372258307	1
23206815	36.6020899864915	1
23278409	23.8565406669951	1
23287137	29.7532753912479	0
23358311	31.0842979983943	1
23389787	26.4478518243558	1
23397660	24.5432726479831	1
23399052	25.7498791763777	1
23403048	20.8668405667342	1
23424983	29.2281666297362	0
23433360	30.2900979503396	0
23461592	27.39731777038	1
23471111	29.4440925381808	1
23473741	24.6628452561922	1
23513021	31.1603410393476	1
23542443	24.0333379348005	0
23554251	24.6326910206933	1
23554635	32.0403099560873	1
23562174	26.2242340803275	1
23587442	33.9389484121665	0
23623731	67.2803790630702	1
23631058	33.465312769536	1
23658986	34.1202802836882	1
23660074	45.6015192233077	0
23672292	23.2636547635161	1
23680579	42.8482113400758	0
23698911	35.543340282106	0
23700957	32.0257183750033	1
23734793	23.7912141798245	0
23735948	18.9713682577755	1
23800696	24.7872362628933	0
23830403	24.1754281857547	1
23831053	30.2780692817225	0
23851484	20.4497776229109	1
23856991	32.1912495399311	0
23880586	28.2972355870064	0
23901231	29.978227279752	1
23902777	28.4460593243238	1
23967861	27.9007882876379	1
23998311	37.756977886824	1
24000375	24.7942242241856	0
24031679	32.9097220592701	0
24049609	23.6406868008911	1
24074167	22.845262927655	0
24076884	20.8770796313596	1
24078977	27.7506474211726	0
24100177	25.1448150957702	0
24105475	30.0180920970581	1
24133394	28.8058622523035	0
24140800	51.5210483374986	1
24147415	22.5655036689426	1
24182729	32.037755739324	0
24187088	22.4692263116045	0
24193104	20.2314593221021	0
24236131	25.2708372529756	1
24238659	22.8593192763368	1
24242166	22.1696837957539	1
24272903	27.426943769448	0
24281013	44.7750470172995	1
24283691	26.3934301688981	1
24301081	28.1804868993145	1
24365916	22.7547750905305	0
24378090	30.0271321289936	1
24388693	23.3707936497257	1
24437100	27.5552683881592	0
24449877	22.4657784844998	1
24464155	23.6180296973168	0
24471957	33.6402931080415	1
24511670	23.8718604720657	0
24542364	41.9265085507174	1
24547786	23.594963358078	1
24568407	14.9980300288118	1
24620579	28.7021371444282	0
24623519	30.6893886827667	1
24625786	24.0593866472765	1
24632850	21.0218161123633	1
24659777	27.1541082092567	0
24660781	26.1641898979085	1
24664067	21.9342255022911	1
24669498	27.4300073764104	1
24700661	29.5610780959851	1
24728612	23.1949232317828	1
24734902	37.1867195200963	1
24754325	33.8054971185701	1
24756878	29.3193978972316	1
24825815	35.3894800396074	0
24825958	23.8179299708883	0
24838991	19.7311483208377	1
24862334	20.7203834528672	1
24869773	30.5978758810074	1
24891772	24.3676299764702	0
24913422	47.3210035823638	0
24916659	34.496801227581	0
24943084	28.0003864356105	1
24956129	26.4245539811209	1
25016417	26.8235984481045	0
25029571	22.6779920054889	1
25031784	22.0623605567172	1
25055955	38.4567836834277	1
25080233	28.1719539520017	0
25080494	39.9579361587654	1
25098281	37.0599862488899	0
25114309	39.6029266058983	0
25120904	24.4425848877034	1
25129183	25.2387827810753	0
25165899	27.2789599241101	0
25178133	35.6671578065428	1
25235900	30.6805540061134	1
25270730	29.2131228889332	0
25272742	26.7672255374166	0
25282531	24.3730470259465	0
25351087	32.1635046015344	1
25467387	22.6724221760521	1
25481798	21.3515935711754	1
25489138	39.3667451950877	0
25516066	22.6364560184037	1
25519373	31.7740632524583	1
25538374	24.9238384944778	1
25605153	22.1214647828381	1
25612290	28.1202188227761	0
25630383	17.4116177857616	0
25639262	25.0371302186524	1
25654879	20.0939148937033	1
25716451	23.5571828257392	1
25736994	20.6282445466108	1
25752704	32.7199004749532	1
25773936	25.35604601295	1
25782142	28.8679250374414	0
25798215	20.4910394322198	1
25801232	24.4196369747021	0
25804398	31.0652663707088	0
25862482	23.1573232078885	1
25872544	22.2548531472902	0
25887274	29.8807833033429	1
25895849	42.1144089894154	0
25905825	26.7065844682221	1
25907802	31.2078475017768	1
25912942	36.2015968224292	1
25929208	49.4801320836357	1
25951460	26.9961697393334	0
25959646	21.6353053755041	0
26013569	31.381151701166	0
26022427	32.8350617926403	1
26023323	41.0816284513139	0
26025774	27.7164239486549	1
26035196	22.5935182732616	1
26039638	39.7151755871049	1
26060549	28.9032026385183	1
26065416	27.3425222800405	0
26069901	25.6913253851658	0
26076925	25.1794136525651	0
26080689	27.1882060949944	1
26108471	28.7004727827543	0
26163081	28.9269545648842	0
26168708	33.9524513620656	1
26232679	30.129061089098	0
26237949	28.6496693931602	1
26243682	29.4965868963421	1
26261208	24.4738400377474	1
26318712	33.1650987363818	1
26383725	24.4836144420371	0
26385875	17.8746945510548	0
26429525	28.6235651914802	0
26444732	21.3924440913268	0
26457874	30.0372652447321	0
26494062	30.0254528165338	0
26494740	20.0085622976369	1
26561103	26.0516821441125	1
26564345	25.718945639354	0
26590531	24.8200280484973	1
26610413	31.3747340746029	0
26622969	35.5747292480151	1
26630744	35.8518448676825	1
26669793	22.1483579809542	0
26737493	31.3131625906477	1
26774175	40.2958007525014	1
26793964	21.5890187658205	1
26831115	23.5069715185046	1
26844538	25.5752821663485	0
26847964	26.3246281688956	1
26896700	34.084007599199	0
26915786	21.8665931073209	0
26957940	3.52378489084037	1
26972007	25.8395154580877	1
26984407	34.6900014190564	1
26997040	32.7600840950545	0
27004889	37.7263395718297	0
27030074	30.2030944319012	0
27047988	38.5895496128739	1
27072387	26.2863381028654	1
27114846	25.9027346668566	1
27194136	23.6916713224027	1
27249929	33.2276725613727	1
27268067	20.6481551954089	1
27486163	30.3810133311567	1
27605087	27.2734189553499	1
27608900	28.7633691261351	0
27625482	23.7476026612512	1
27776103	27.3644269675188	0
27815392	44.8854474699533	1
27820197	24.3576594069096	0
27850375	30.5403372813599	1
27922860	19.2952350897905	1
27964865	23.9805991145444	1
27985131	24.1477523109721	0
28008606	24.8440434083917	1
28028444	29.7101114302024	0
28047225	27.2666545156412	0
28061515	24.297889343483	0
28062562	30.8446203056055	0
28072328	26.8990815066132	1
28073386	21.0993705155622	0
28113022	30.4091837212344	0
28131745	29.491753588815	1
28173194	29.2366987656591	0
28279749	25.4917178998942	0
28283046	23.8636750138716	1
28352151	23.8943657944968	0
28352802	26.1681152503864	1
28384681	32.8366354175942	0
28404654	25.9826585711262	1
28410453	32.6778653866142	1
28468126	28.041632791573	1
28473970	15.6300878531864	0
28503664	28.8235237067598	0
28509782	39.7311270408413	0
28520239	23.6092465198733	0
28550939	25.6538091567513	0
28586964	39.542432595402	0
28618077	25.3399846043757	1
28712769	19.7307683447669	0
28727004	34.4874791298181	1
28744083	29.2466220432694	1
28752287	21.6960635990807	0
28775575	25.6944769065931	1
28778540	26.6970571718935	0
28790349	26.1371283920538	0
28802827	37.3194807220627	0
28862400	24.0633489816514	1
28925543	19.5483999222985	0
28927511	24.8644001840113	0
28955326	32.4295641079611	1
28957402	23.4493409669077	0
28962389	25.423694816674	0
29029671	24.8785865664515	0
29034219	24.9842974238208	1
29087612	35.5844221608647	0
29094027	16.9587734762999	0
29110154	34.6533658133534	1
29215912	30.3476594134552	1
29246052	26.9524129704686	0
29255102	20.2235129100784	0
29295046	26.4515465617632	0
29349750	21.9425165697801	1
29359414	28.161921603106	1
29379919	25.0044061797698	1
29387317	28.2688238524572	0
29396590	28.255769603595	1
29400182	28.3087230167222	1
29464324	31.0297819316711	1
29482839	20.6704827324689	1
29538177	23.6427913269268	0
29660309	35.4362719717881	1
29709772	25.9369721243646	1
29740071	28.6381689817607	1
29769001	28.7375910302036	1
29859162	46.6349388421102	1
29932998	24.89720827093	1
29946283	27.3103866249676	0
29985288	32.0800431858956	0
29994320	31.3022874371928	0
29995545	27.465873253938	1
30076854	24.5878346836025	0
30157319	28.232110096347	1
30181210	22.4490618455659	0
30210904	45.0451349388025	0
30215661	34.2435378196408	1
30260129	23.925037052143	1
30275161	39.2733541046962	1
30363128	43.6471412232943	1
30393191	30.9335354279349	1
30395096	28.1536900097149	0
30455206	18.621168259484	1
30511869	25.730205359291	0
30533689	25.4851773443531	0
30557512	29.9044985237359	0
30569309	31.699534398145	1
30611910	18.1200046917175	0
30618438	27.6218789564373	1
30620670	30.9508886126458	0
30662045	21.2558630702382	1
30769258	35.0517160550135	0
30830788	29.1358808127599	0
30853040	27.2927068043629	0
30864031	34.1471266301949	0
30882183	29.3061595352398	0
30894590	29.9464759046488	0
30929637	30.3186692978776	0
30995301	26.9953910949146	0
31018923	35.7325024600182	1
31066932	18.1047029938787	1
31109466	20.7303008293381	1
31130415	25.6772218921938	1
31155147	29.0058720315852	0
31175899	27.7667095082241	1
31216534	46.8763993403476	1
31234872	27.7429299326147	1
31258276	21.6474845326483	1
31314330	23.130343441602	1
31316812	23.7273985339716	0
31337307	25.2018497890755	1
31354624	28.2856111481815	1
31406401	28.6164784669559	1
31424937	27.9990086948081	0
31444105	29.4609990845683	0
31444714	29.5589589537232	0
31494036	32.9576015991735	0
31532794	29.0023848030399	0
31542375	17.8107474511595	1
31548346	22.7252580671077	1
31584238	25.6770593470051	1
31596025	24.3338460952341	0
31632102	22.7894100942399	0
31650754	35.9554782367611	1
31673382	21.2299515864989	1
31822586	31.4686515252447	1
31841515	22.7336761632516	1
31860617	30.0334599188089	1
31884011	35.0132954127273	1
31906572	16.7946349635077	0
32075814	35.8011871029578	1
32172643	29.518110165504	1
32208700	31.6126562258625	1
32215035	25.6545883945006	1
32286929	22.9178906796105	1
32300368	35.835660164122	1
32365704	22.9315782043243	0
32369631	29.0511267989583	0
32400117	32.3642840458071	1
32419330	35.7603264820892	1
32469408	23.7928547451451	1
32478636	26.6248947629869	1
32493711	24.2033249514264	0
32524464	24.8660408440019	1
32691853	26.5657756793686	1
32721240	27.132119133405	1
32756118	26.412040896993	1
32815892	23.9675124472923	0
32841527	26.4612278474166	0
32854066	33.2075056989913	1
32904004	30.2834687806624	0
32986683	21.5734158480153	1
32988577	33.3412582555279	1
33063816	23.2338505757106	0
33068056	42.6303538383044	1
33138882	27.3704064814951	1
33145603	25.3969305370396	0
33149639	30.6808731260374	0
33169302	23.0416078371366	1
33198134	26.0643121517405	1
33204874	22.8302909153011	1
33216701	26.5782782323023	1
33260668	25.5329799797049	1
33331629	27.6955830889779	1
33345437	28.4027000046447	1
33348742	28.4501983397762	1
33374318	22.8446981187601	1
33470634	24.975228638122	0
33501722	36.1915262158535	0
33522698	29.005702988971	0
33527247	32.1875015942817	0
33549204	30.2996958103958	1
33550555	21.6629676721086	1
33598866	33.7110080224198	1
33637436	28.2713843555782	1
33654893	25.2375289353153	0
33720971	31.1490515937183	1
33725642	37.9436057796983	1
33824641	28.8252881967913	0
33873828	25.4857717314204	0
33879403	30.303746710359	1
33921234	29.3635955912631	1
34002167	27.8789336324458	0
34006496	37.8903463677787	1
34037983	32.5779729266059	1
34046243	32.2251344712016	0
34058567	20.2776986608389	0
34118656	28.4216110649687	0
34175023	27.0596103540207	1
34196074	28.660278659336	1
34203888	28.9467954187068	1
34204455	32.7527945304521	0
34257986	35.419414348483	0
34327928	24.2837829793555	0
34355866	33.9048434347044	0
34419133	22.4977427665326	1
34423883	35.0303851705905	1
34435512	36.0667336057624	1
34464974	30.3560135648698	0
34507614	31.4007075738748	0
34553795	26.9628676343617	0
34573167	31.4789516167971	1
34595398	26.8813229811141	0
34597215	26.2565398544844	1
34606701	31.6246736138845	0
34742114	20.7517153506778	0
34744262	41.0383418252478	1
34786521	22.0759754215009	0
34856938	21.3998048601444	0
34926838	15.9126206056301	0
34952760	27.8770066328158	0
34958729	25.8762298086934	0
34975180	36.8018146616707	1
35017521	26.2996661616001	0
35041922	26.1288735851924	0
35075749	25.9264114117587	0
35150246	20.8832309384912	1
35176605	30.9619017855458	1
35184909	34.5908490704365	0
35232450	22.9082401010527	1
35280547	36.3370795351783	1
35297387	28.2334752086711	1
35332557	24.5158468704875	0
35352276	32.0335676125769	1
35359250	30.5990250866913	0
35385616	32.8791078117576	1
35416882	21.1196055405917	1
35418603	26.4626041574606	1
35436413	20.4950226240059	0
35598591	31.5426783133573	1
35620592	45.0375407354847	0
35640886	42.3784955869302	0
35679115	19.2166086653552	1
35695852	22.0026517743814	0
35704521	35.2693494924545	1
35707266	31.1094432533688	0
35709206	25.8506937352242	0
35720013	28.3797756509535	1
35759584	23.648741576889	1
35772085	24.4035807913856	0
35854778	23.1966347790743	0
35868894	27.1721634910993	0
35876533	27.6992727205255	0
35904698	44.1896503761644	1
35959274	34.9470089361224	1
35960977	24.221996977065	1
36027340	32.1847798663445	1
36029583	23.7625891137529	1
36046500	21.7981952999993	1
36055375	37.3455888681115	0
36085967	30.5988553162085	0
36092005	23.2390135188921	1
36099449	40.6243493394894	1
36101634	30.493714660475	0
36110333	26.3068899471159	1
36170657	38.1597926440381	1
36192180	31.1809830538785	1
36240442	26.0869949792326	0
36274626	28.6376422352225	1
36318453	19.2086790721804	1
36322516	18.620587066123	1
36325713	20.7718848595188	1
36358452	27.3248716472257	0
36376337	24.1221643018165	0
36524532	25.8675150176101	1
36524855	30.3802079044852	1
36552411	30.7948038617735	1
36563381	39.7357506615307	1
36576111	29.1966794080582	0
36586119	25.5363411967845	1
36602882	42.3093875522363	0
36621175	21.7282630544012	1
36634949	33.495916579628	0
36646246	27.6562866673577	1
36654747	25.2755251133113	1
36656404	20.4486033182283	1
36678942	24.8674249292576	0
36687246	20.8836596943562	1
36687575	31.1145960836344	0
36697718	29.5051656980418	1
36735003	39.1724676913223	0
36778515	32.1335885945436	0
36783856	32.4585961927247	1
36783981	36.6840669690468	0
36802500	36.5571914843129	0
36912256	29.291368950088	0
36926937	29.4997591620718	1
36938906	24.5593845951006	0
36985068	26.5163268924069	0
37091235	38.0793631082143	1
37102471	26.290817062265	0
37172561	29.0050163146677	1
37172734	21.1222925923202	0
37179685	25.9710292525948	1
37208207	21.6931327240072	1
37259197	28.3503036177727	1
37268809	29.6121739427231	1
37281834	25.0635385229507	1
37304214	29.4076431070201	1
37305569	24.1319308965141	0
37333042	31.7555756779803	0
37369651	21.481283900918	1
37398165	29.0210709589769	1
37423404	30.4962415696673	0
37428294	25.3940842382845	1
37437907	28.0359894965341	0
37460628	28.9357278869208	0
37519591	31.475095591154	1
37559130	22.7288933951515	1
37594504	24.3975801155903	0
37646858	42.7765890243961	1
37691075	31.9613174176823	1
37704967	38.1154572612705	1
37723923	35.0242291378558	0
37762781	29.5510419016189	0
37826162	23.4149703100881	0
37881748	25.2477795130387	1
37910630	32.9803586658129	1
37966274	26.7566490870678	0
38144205	29.347316383389	1
38264476	26.0074096565976	1
38274626	20.6054858103603	1
38296021	35.1314689950824	0
38348635	25.4587647415769	1
38362798	24.5617606038609	0
38370878	33.6380246063898	1
38418394	30.2857460189854	1
38428718	33.6423106053217	1
38431309	31.3317553837832	0
38477631	25.3579300083909	1
38547596	23.6441192409118	1
38571570	28.3346730365914	1
38616349	40.0588987405281	1
38621324	32.3561416166084	1
38623398	21.4193745160774	1
38623494	42.6138714947592	1
38697900	27.5241393488433	1
38704252	23.917157138571	0
38735165	26.3635854049183	1
38893046	24.5816849039789	1
38906613	27.8384684481808	1
38956950	25.7530278749798	0
38975201	23.2605571462532	1
39014421	28.4131964831631	0
39158132	39.3424453062604	0
39206697	20.8525254520195	1
39242848	30.9900007813943	1
39296847	28.4905588110302	1
39344608	25.6762804552262	0
39404497	26.9185101769582	0
39444880	25.8886343410653	0
39459632	26.4441162133938	1
39473494	30.449041402076	0
39499433	22.5953390051648	1
39509934	20.2830367649596	1
39532409	31.2371241669093	0
39570493	22.4602886917672	1
39624593	32.3369524327677	1
39659044	29.0247122654764	1
39691236	24.4132989778844	1
39693871	32.1463587509165	1
39710805	25.7960495830614	0
39727653	33.2040513040913	0
39842034	33.3754774969145	1
39882183	32.1137198825738	1
39892393	31.6742003480637	1
39909486	23.9479383274331	1
39919454	24.3079307713259	0
40070624	28.0877683848524	1
40110077	21.4285403880398	0
40149758	26.844661052175	0
40216491	25.3774400480651	1
40225273	48.5982077524711	1
40291924	22.0517989532845	1
40311900	30.0587140796313	1
40365953	16.8645030413083	1
40438533	20.6346979055128	1
40505337	24.704674311592	1
40534460	42.8740535354127	1
40536926	24.9339409071791	1
40557258	21.9429964340492	1
40644465	27.5460008442217	0
40682133	27.8584774794833	1
40712615	25.1859500263177	0
40905147	35.7610766443856	0
41002266	44.2725240608746	0
41023211	29.1121972796437	1
41089611	23.2219754740218	1
41279731	28.7677210513188	0
41307176	29.6569717282055	0
41307877	27.9847439431996	1
41338537	22.655953020656	0
41360667	28.5424291883267	0
41403457	24.5108988776711	0
41489841	33.1769200383243	1
41521884	28.2128010019103	1
41584757	46.5109596373197	0
41589941	32.3636301794587	1
41591419	20.4676132001705	0
41659287	26.4925920579174	0
41707841	24.5191184858184	0
41727918	13.7276532742529	1
41856496	25.9968700266475	0
41967164	32.9523745482721	1
42049589	35.1928777737231	0
42054875	24.2563282584456	0
42150593	30.9059407514713	0
42167822	31.0882510324417	0
42202218	18.8673085544502	0
42220383	32.4244063935816	0
42224288	33.0053271895454	0
42274731	32.4468990159364	1
42355345	28.8754297615431	0
42429417	26.6963182746413	0
42444570	28.8098287537461	1
42445206	35.3834637716168	0
42524749	18.5994108409068	1
42633389	32.0091837873088	1
42645484	26.1008596371714	0
42651086	27.4199504335241	1
42662731	21.1857269203466	1
42686021	27.4690096170087	1
42825908	21.082282833705	1
42948014	28.2054097665774	0
42949185	21.4938001303157	1
42974138	30.0784111270312	0
43059397	39.3074420284759	0
43083213	29.2531886947084	0
43176892	31.6523272660081	1
43214798	19.4736928171448	1
43330902	23.3732435780527	0
43450550	26.9769789938609	0
43460384	25.3949352752858	0
43500850	33.1411839583216	1
43501005	28.0647057718935	0
43507735	22.2849939991672	0
43511808	27.9072002298235	0
43512702	28.0801011693124	1
43542345	21.4274041337862	1
43557810	31.9802579977836	1
43602441	31.3284173117052	1
43608058	7.88992653473201	1
43777206	3.82933740135037	1
43833119	30.7324497409724	1
43833978	26.0262603850267	0
43835466	23.4310574263118	1
44030095	27.4977858083482	0
44067304	21.1883062509265	1
44192331	22.4500495368664	1
44214272	27.5175584091079	1
44238176	24.3768546989292	0
44252853	24.0593415736606	1
44306597	19.0753817910344	0
44332331	25.6691887419874	1
44370617	24.0448865040104	0
44436825	30.1181619054404	1
44563360	33.0325398602627	0
44564506	25.8763301341482	1
44707969	33.2780841046183	1
44803541	47.014899343918	1
44819626	32.9621814386055	1
44857806	22.0825964531308	0
44935430	39.9227238408522	0
45097565	22.2416499307668	1
45117894	28.4341056639577	0
45224548	28.3448330678213	0
45238224	28.5481700702218	0
45310052	25.7475009130694	0
45362670	25.6002156487739	0
45414136	25.6834202525857	0
45491595	22.4604289107134	1
45517351	27.1435521750145	1
45551258	26.8811719491273	0
45618873	30.9306680325439	1
45667977	28.9264566385196	1
45692205	13.4446193575657	0
45714765	27.8437874721336	0
45741560	32.2450698663676	0
45788613	33.6008982570637	1
45813848	27.1765289159491	1
45818909	30.2074420749627	0
45908029	20.6076595484366	1
45919860	18.1844132386027	0
46012697	25.6855667189299	0
46057283	20.7381000242587	1
46068978	21.8984704929121	1
46161544	21.3213274019207	0
46252950	26.0983508983666	0
46265763	34.149982776245	1
46307380	20.3415043992141	1
46391282	8.03306312640772	0
46441037	24.8633744926207	1
46460458	25.4528140486855	1
46503034	15.1565176202881	0
46510107	31.4763864273854	0
46556263	30.7612911815545	1
46628492	20.7813744787084	0
46638941	39.4506849050826	0
46657383	29.9852901778781	1
46666612	32.4917980692255	0
46783983	24.6833393401361	0
46796940	34.7806096924615	0
46868358	38.8210006353034	1
46921066	28.8502925714854	1
46934004	28.9689677725622	1
47021194	33.7118052635268	1
47041599	24.8194323883863	0
47076985	21.045640755187	1
47077438	24.9842167845447	0
47083884	30.6507741961635	0
47224164	31.1808842324328	1
47268292	27.7254645148067	1
47283301	25.1195265438715	1
47446308	30.3398792416182	0
47506372	16.2387884432448	1
47526540	37.3803298843059	0
47536157	26.9068136294737	1
47577232	23.3401151973934	1
47577351	25.0590754023665	1
47615859	26.220721154241	1
47695057	30.979509028371	1
47843873	20.7727581081568	1
47863721	32.7657994800941	0
47907952	26.4071455420003	1
47973692	41.2541573100505	0
47983391	24.9745425540753	1
48021413	24.2969496944547	1
48070019	28.4236518119647	0
48190894	36.53140753474	1
48200072	27.5600636626265	1
48211543	26.2863997486438	0
48234140	26.4253712068264	0
48287932	20.6785593680126	1
48308476	24.8725631412313	1
48460638	26.0094129104789	1
48759002	17.8786790711132	1
48789542	31.5622620572075	0
48827466	18.9035067301775	0
48839287	21.5169651208127	0
48846803	24.7390977127879	0
48969306	23.9151486387321	1
49067257	28.8006459199537	0
49072298	33.4026907420989	0
49233038	34.6496006333034	0
49291228	20.6730211549562	0
49306909	32.5550080432078	0
49549026	41.755462454371	1
49571103	11.801424382223	0
49626230	36.5852917666327	0
49670453	28.9596923659816	0
49757383	27.4876060979116	1
49850139	38.7681828959336	0
49903757	23.1245448055054	1
49938874	35.7126692499643	0
50088381	21.4857835375961	1
50246148	33.9296664375837	0
50280707	25.4109754102276	1
50285466	21.9722731658933	1
50311673	31.7637157043522	0
50337073	21.4102591752481	1
50403486	28.0329954885102	1
50498840	22.9328276838301	1
50533111	31.7986208649077	1
50543699	26.6764941109399	0
50685509	22.2691319690426	1
50714678	28.3911550667936	0
50804844	33.0238836283439	0
51157100	22.0003632656821	1
51366495	22.2838378522365	1
51424463	21.7397564994714	1
51466642	30.304849554168	1
51490880	27.6047290850969	0
51505423	30.3930159453492	1
51628891	38.9561665860202	1
51662091	32.2718850786032	0
51751556	25.4802416292536	0
51899524	23.1639886173574	0
51971203	40.5792634908374	1
52075005	26.3350768601409	1
52173366	40.0030506040962	0
52230050	36.7949690947149	0
52348422	22.297009691092	0
52450048	29.1875985731688	0
52548075	26.7229259536759	0
52554413	38.3280270360052	1
52571966	24.8639134801043	0
52593708	18.199401533522	1
52668065	22.9746726692617	1
52695638	19.8699834321072	0
52698371	33.8656099744976	0
52700433	29.6028850888421	0
52701042	21.9419402251597	1
52763430	20.6980341199575	1
52828606	27.838566005002	1
52866517	26.6147749674921	1
52982849	30.8406270212961	1
53017849	37.657689784687	1
53025777	25.9275363434294	0
53118250	29.6064786989722	0
53291370	18.0143231446232	0
53327942	27.8491847601495	0
53359301	32.6340824459396	1
53434493	31.0771994972839	0
53458319	29.4044904783382	1
53730949	29.6770332342404	1
53830315	22.6045623745075	1
53957448	28.2093082050602	1
54115991	18.3980128172924	1
54169049	23.5056491121216	0
54312100	33.8623621050517	0
54322458	35.1823941588787	0
54398421	40.6413700497486	1
54449061	30.9744379181313	1
54457262	8.23440561664406	1
54535094	20.6856387881061	1
54566755	36.7814941934307	0
54725415	29.3927337205618	1
54741211	33.608076657869	1
54853521	34.4349259898906	1
54875827	31.5372012969732	1
54882018	25.6078153856296	0
54950684	34.010072162255	1
55045587	19.6814797053735	0
55068442	37.1717441818753	0
55178159	23.6244981045848	0
55213019	35.8175381611625	0
55216604	30.9962465361738	1
55411896	26.462729131916	0
55594278	15.7345326296434	0
55701502	29.2550838465374	0
55785460	20.1003034322295	1
55870684	30.8898416681969	1
55928714	23.8343401076529	1
55998448	26.1979378124184	0
56006598	49.5463807056359	0
56047424	22.1857280293775	1
56058784	4.92503487497842	1
56181717	20.1992309016779	0
56187412	20.0433505260479	1
56273379	29.1179902356636	0
56295084	23.6182964673118	1
56490595	30.9000450909998	1
56563948	29.2196946487633	1
56590366	22.9730084192919	0
56657920	18.6898642743331	0
57119145	31.9180359855152	0
57458888	24.6905815773355	0
57603994	26.9122520368157	0
57631597	32.9137679481626	0
57672950	19.7171389835653	1
57674675	31.3421908323722	0
57763078	32.7998472042087	0
58028621	28.6624454061934	1
58119279	27.4007216337649	0
58125662	17.5268820791741	1
58189593	24.0694189063068	1
58376320	22.6875469200163	1
58567316	31.4730202324934	0
58622018	25.5319212562851	0
58648296	29.0675527896012	0
58670532	19.4059866573402	0
58732477	31.0849990031525	1
58734612	18.7594027387132	0
58795154	26.7976307068263	0
58887987	22.3999956484562	1
59072083	25.7773524064208	1
59144018	29.5275945085466	1
59187194	34.9165388324123	1
59200291	22.1776548613821	1
59202507	35.1608903178307	0
59319654	26.5822359841016	0
59637995	30.0013192680677	0
59680577	23.5287568433024	1
60243959	36.0542271287217	1
60273478	32.3813896795816	0
60279896	22.0769620818201	1
60447298	25.865303832481	0
60576143	17.6646643592546	1
60644760	34.689754906412	0
60814419	23.7334696561108	0
60835835	36.4573200098906	1
61108086	30.2988315614552	1
61135610	27.3983122545036	0
61136740	24.0781566987597	1
61328488	29.0413446175516	0
61473482	29.9598236080904	0
61667015	20.9109751579651	0
61751471	20.1250871837096	1
61759945	20.1618026785368	0
61969794	24.5438170337495	0
62337611	34.9981120702879	0
62388238	22.4770290915209	0
62424958	34.4130681701331	0
62474647	26.7119194597651	0
62598088	19.1427393471405	1
62603450	29.5147555209417	0
62812627	9.3639199158088	1
62844096	29.8145532865696	0
62908549	30.0220529331552	0
63228622	20.9474491653322	0
63244190	28.7338322148981	1
63369513	24.971343748751	1
63379056	30.9854468181738	1
63491610	27.6441409787152	0
63612852	27.1170977866366	0
64008662	17.1041990025416	1
64035348	40.5605550010277	0
64120526	27.2902519346059	0
64347927	21.2292166212069	0
64500714	22.7928869653286	1
64569925	22.1741403593198	1
64635248	27.0190621845271	0
64666477	28.6462634121645	0
64909171	27.2876527438077	0
65237869	25.4597173476017	1
65268148	30.7052469330514	1
65320849	28.2422004764794	0
65383543	28.4859988517669	1
65760887	34.791928739602	1
65794027	32.6138805177517	0
65874266	22.22789464056	0
65874399	19.7919434843655	1
66059178	20.3971396585871	1
66271688	30.0645277814309	1
66654144	24.6461502461606	1
66684250	57.1336919138509	1
66946617	31.354351537415	0
67286487	36.8559420899904	0
67296714	23.5459915899883	1
67354158	36.1152297695398	0
67395915	29.6133777428039	1
67502936	22.1974219061894	1
67676473	32.6906506290303	0
67852906	21.9581336958286	1
67948638	22.58823838261	0
68072807	18.0197042970787	0
68122473	23.7678290854804	1
68788424	26.3005983106895	1
68861856	26.7855282804532	0
69170466	35.840589762236	0
69273958	25.2102659191408	1
69425270	24.9748938638528	1
69710622	21.7802997871451	0
69818344	22.1294858467351	1
69929567	25.8649699520787	0
69935163	31.0014726215507	1
70178575	24.8464162921891	0
70292433	28.5017803003426	1
70390933	28.5065159140198	0
70584066	28.8790974301125	1
70615284	28.1415831430576	0
70762056	39.5835821649457	0
70954961	33.1491559163043	1
71230758	24.4442863171816	1
71309896	31.8320664248689	1
71419482	34.8994674945667	1
71453739	28.1495384294786	0
71530737	27.4620335593604	0
71553090	32.4273219029254	0
71561165	30.7276152291467	0
71977618	24.9273821806242	0
71983790	30.125725097572	0
72224129	26.890253766618	0
72367042	32.5092757426253	1
72561549	20.4341221112155	1
72565495	25.5330600977745	0
72713029	24.2350579931122	1
72816436	29.2215285218107	1
72961778	24.8382769382132	0
72962444	22.5433133736128	0
73326188	20.3687850217118	0
73552260	20.3588798252107	1
74151673	42.4567520855848	0
74183926	27.4443986895195	1
74247287	30.4124637308031	1
74286685	29.919314731714	0
74518924	34.0310256115182	0
74661222	21.4133282362934	1
74764856	36.7861444038351	0
75098864	30.7000266100042	1
75279580	27.7905135772201	0
75705760	22.3566103328749	1
75829343	31.6434399276628	1
75908272	28.2512916824365	0
76228882	27.350937379652	1
76303176	25.9671226916482	0
76410844	29.5897155464991	1
76897497	33.1119257932596	1
77361791	33.4041956088664	0
77754336	24.3734575164732	0
77783786	18.5175211756771	0
78287680	21.1428803510341	0
78367143	38.8672567069164	1
78795954	31.5874218280277	1
79228220	20.3507350007688	1
79392366	24.6001486837701	0
79401827	21.7436475940847	1
81096362	20.7673001351131	1
81599649	22.2711249650646	1
81942346	25.0065487683112	1
82055733	29.6743131743346	1
82325574	28.8096129486456	0
82857589	28.7379296174947	0
83935524	29.8097222221575	1
84324429	29.8501917250182	1
84723647	20.4328308775868	0
84860257	35.4669758236076	1
85834776	18.897480668231	1
85899954	25.1767543277867	1
86163230	34.9335667801878	1
89399873	22.4716286273326	1
